20facf28-9fb9-4b36-8d33-a62eafd5a681,0
ab7a249f-7a27-4b18-a87d-fc02d8a4fcc9,0
1e0c773d-1f8a-407f-91df-a994512df1ba,0
0669c5dc-2c36-4aa1-940c-16fcb7683ac6,0
8dd51a21-d6bc-4dfd-8dc2-e52cb9a9d34e,0
334d50b4-5f27-4699-b3eb-4bd1610379b2,0
fb986a4b-a135-426e-b7d0-988afb1bc276,0
4da677ef-e7ad-4447-92eb-e095034ac016,0
a0df0577-3693-4c7f-a5b4-55bda4a5fa8a,0
98e4d6e6-cf69-415f-ae03-ddffc238e301,0
ba7560aa-ff01-414d-bdde-bc98a4257835,0
666f43b9-6f29-451b-8fb4-2f355714af2a,0
9d31115a-bd03-4851-a27a-5ae6ad16d23d,0
425add2c-647f-4e3c-a8de-4e35ac4d3962,1
ea84f581-18f3-4041-a891-fb5e8f2a9a32,0
a13f1d38-17cb-4f9f-aba8-2d4881b4c77b,1
1426d1a9-6217-44d9-80ef-0ad3baca1b0a,1
d49a466c-78d4-4e53-9a04-a497af4c15ea,0
1255e298-4fc4-4f71-b470-cbf42b53f88c,0
11829c99-da10-429b-b251-eab7416a7322,0
45dcd495-28a1-490c-abf8-9db5a22b7e3e,0
4fbcc257-cca4-4dfe-b814-c851d348e4a4,1
90fd64f9-0d1b-4bb9-81ea-91e227a65cad,0
d7a89c4c-a7c1-4696-b67f-fd2d6b05db9d,0
7fbd0637-7008-4ea3-83aa-c60aa8a3e2d3,0
d895a8e4-a267-46db-8a90-4bdf4b61ce56,0
dcd54009-6237-4d4b-926b-cc1fc7de88d8,0
e2fd09c9-4969-400e-aaa9-9e3aea9a4979,1
e059bd25-0134-4848-83cc-8406dcb0372d,0
184b0f33-0398-48c1-b1ba-5fde7fdd62fd,0
97b69b46-a0f6-4e6f-94f0-ba31846fcf5c,1
87af81bd-65fb-4e4f-a094-d12599459dfb,1
0cac42a3-4747-44d4-a92d-86e43be94fc6,0
9f16c680-2610-449f-969d-986ee9349002,1
d4b0cc74-ee68-45c8-8430-937df493f5cd,0
1910d1d9-226f-4fbc-8867-f4856b16785d,1
43805a66-fb19-46af-a986-a87e0e6fedd7,1
bf2ce9bb-36da-41b3-9722-a8278e1aab94,1
2c70002d-c76f-4714-aba6-41ec0e19bb1a,0
c0ceb8c4-b103-4009-99f4-f388d36f7d9f,0
c08bdeb0-6e80-4fa4-96cf-c8a26e8750d0,0
d558da45-16fa-4be8-9dd8-fe88964d9ec2,1
0fb67adb-bcdf-4145-aaad-81aab1d49027,0
f7e51893-6004-4da5-9f92-fb3d974489c8,0
01c17369-7354-4dc4-b6a9-3c491829ba29,0
ad8b157f-ffb1-45ef-97d7-3e34f55d62fd,0
c5bdfce7-d79e-4f79-8ec3-34d764639a00,0
adb8e559-1cb5-44fd-9a63-4a87858c7c9b,1
bb69d1ac-3c4e-4315-abdc-0a22fdb59e9a,0
e78e9d0b-cc26-484a-8417-ac7aa14d4cc7,0
7e4b5edb-5fdf-4e72-9811-7825a018c84e,0
749bf928-2557-4744-9e9b-ae4e5869fbbd,0
6662e8fa-4e4f-489f-b45b-3f8abb1e1b87,0
eefbbb84-8779-410d-9900-fcecebcf9e93,1
cc12d319-baf9-43bd-b94d-f0b333cfa02b,0
6faa68ca-c22d-416c-9e2e-3b1fcb3a428b,0
e8ada9b6-81ec-458f-8e95-22a44f71639d,1
a994adca-324d-4938-b328-63ffab58920b,0
58e4a617-d21d-4f0c-8a8a-d2727eb5710e,1
c0fb9ef3-4972-4c1f-9b91-416ad7628d08,1
a567ad9f-25fc-4579-986c-faace1075d53,0
3fe8c4b7-b8f8-4d7c-a85c-0b3ebdafcf45,1
efc4db6e-0b65-4ee1-90f6-35569b770ae2,0
82dd19a1-d19c-446a-b2cd-38c410c1ace9,0
ac11f7e8-70c3-4884-a3c1-9ffe1be10093,0
293d995e-3e27-4622-9eb6-d32503678dcb,1
704eec8b-63f2-4c28-a916-a46e20ebe6ae,0
d1f23c97-7063-49a2-98a9-79d555b611fe,0
1fb8d486-d2e3-4c8d-9b1c-b52cbfdf8acb,0
1925023c-acad-4ef9-8f2e-852b0a054b82,0
e703bb42-dcad-4ccc-b1d0-329b362ae7d0,1
b4920a7e-e485-49bf-b492-888cb9294ff5,1
b4a17357-32da-4ace-a6f5-42fb5ede3001,0
77c4d61d-ef9d-49cd-8b98-fb47b556cec4,0
1a04353f-d5b9-490f-9012-8414ab4957a0,1
acb02b09-4d75-45c5-929e-1d0c05a375bb,0
fdd781d2-bd8e-4bce-8575-7e938cc74423,0
b9997202-65ff-4fc4-afa8-8ebb6c74e87a,0
fe137629-c406-4603-83d5-e585ecff8ee1,1
6ea5a9a7-2367-45c2-8452-198f33020f8f,0
4cbb3478-3b89-4f80-bd89-ddc38f96667a,0
f7e9a457-545e-45ac-bad3-c12ea3206dd9,0
c9d69357-75a3-4d28-836d-d6de9cc0f686,1
d7a2e428-e01b-4b6f-bdd4-ea93a4a812ae,0
20add1ca-6916-4a3d-bbd2-c2a130185e37,1
1128507a-bdb5-4a16-9e9b-a592259f8feb,0
1ce8cdf9-2c10-4c8e-b1f0-bd3e90f77928,0
1219593f-fc56-4a74-b594-c0ab2cfb3a77,0
e580a908-12a2-48ce-b19e-43b3d90164c3,0
dd1c5f39-6d06-4a30-a62f-03b88772a5a1,0
3d672b5d-8504-47c7-ad38-c729b45ba720,0
4ea9e5f1-0a69-4c87-8ef7-c8743a11d804,0
650bfd93-c4a4-4ac8-8bac-0b66e8e13b4c,0
742bbe08-328a-42dc-9941-43853f64f3b2,0
4c4e6efa-d2f7-430b-8fb1-012057c2ecfd,1
a8ddfbf0-d5a7-4ba7-801a-ed4259c0569c,0
57f15a01-5501-4aff-b8b4-2af3fc06f30c,1
659d5d46-b095-430a-a2c8-b36f747345fa,1
198283bf-5507-42a9-845f-6655fe34896f,0
23637515-486b-4a73-b0a0-4bf951cdfcab,0
aded989e-0fe1-45c0-a648-4179dd47d0a5,0
f1d21b56-6a47-479d-874f-4ef7b5a6c44c,1
a500c1df-21a8-48d5-b976-757e00edd7ba,1
1c72a5e2-6516-4604-b95f-22e8b90fc9f1,0
621a84e8-3cc8-4fbc-945e-d7cad9ebd740,0
27766849-473d-4190-98c3-530d738f6008,1
98f72945-7d2a-433d-8b0b-2c0d2faa4ae0,0
9bc78202-f970-4ddd-84a4-5a1ecc60e2b2,0
86fb7323-5235-4660-94cc-5e6ecc8d37e0,1
12734a7a-5a43-409f-9b69-8793cf0b87ea,0
d99eb1ca-29b5-4c42-b7c3-3b3653c75d13,0
c81c9936-0aed-4380-a6b9-ad0769086f92,0
abd8938b-c0c7-42d9-b874-e3ba0d8d47c9,0
c27e04a7-b0e0-453f-a4ed-5a00efcca4b9,0
0d4e61ce-4f45-485d-aa2e-7c5d443086c5,1
b919f17d-0d12-4121-b56b-25c51ea18c1e,0
40694c9b-b9dc-4afb-ace9-fcee898e53a3,0
593ad7eb-ba55-44ae-b462-49fa57943248,1
1d00c453-b240-4390-98fb-58848884625d,0
ffdbb139-124a-4099-ac23-17495aa1047e,1
39e60cb9-b414-4551-bdda-2f1539cd4ada,0
f6fe9da9-bf8a-4ed3-ac2d-3feb7276a629,1
05599dc7-3156-4e9a-adfe-d8ae587983a0,0
fbfac8fe-d732-496c-a4a4-eb5ea13f3d12,1
1ecbb0c6-0e79-47f8-86f1-ca50178cf606,1
390615bc-cb0f-4942-8f53-65556f2f0db3,1
b4670488-35e0-4fe5-a1a4-4c815b4f5b61,1
05d3ec63-472b-4122-90c7-a1dbf445f2fb,0
e9e58cce-e6ca-413e-b970-ad412ab9e11c,1
418fa7cf-4f5e-4a36-9213-75a413bf1567,0
9ee03c25-1395-459d-a60c-7a116b2edca6,1
778f5ab3-4a89-49b5-b5c3-0a824b48c03c,0
382aad0c-dc93-4821-bb13-95b1a2115b13,1
57dab64f-0498-44e9-88a3-20eca00bf845,0
0c42361a-9cfc-4041-bf2c-6143b6799abb,0
aa49d215-11c3-42be-a779-440f36f4beb2,0
7c61a4e9-b012-4cf6-b707-738171a525f9,0
f292100f-990e-4748-bf1e-172b7358508a,0
3d479d37-018c-4c20-adff-3f85c722847f,0
6c576b59-ddde-4611-9dd4-9fc36439c618,1
8ce04d4d-44f9-4a98-91f0-140a929d6555,0
495ee347-da9d-4534-b82c-a95667920d5a,0
e80da154-d6ee-43d7-bcbf-88fa8826824e,0
945b99fc-43a4-4a34-9793-88ee5713fd92,0
253179bf-574b-4229-a4d1-253ee61216e0,1
d52042cb-6e17-4a37-8d32-ba121e93362a,0
a11c3672-64d6-4f3b-bfdb-62bf2b6e82d6,0
c202c438-b931-4de4-919a-01c78913cee6,1
87670196-1bd3-4fc1-b019-a31c0c8dcc35,0
13100f9e-0aef-4ee3-aa06-0034a8939048,0
72c9c1b2-3341-4ee0-a02f-05b9fb2d6822,0
152bc3bb-2806-47d8-8f1b-d06f97e1c93b,0
e7e12f8d-49d7-4b5c-87b4-ba1f594afd7c,1
47a2c0c2-f0ce-4bfa-ac93-df100dec998c,0
33226b88-1fe7-4973-9704-f583951324da,0
45af2950-bd92-4247-a001-471187e370b7,0
bc15fae5-d753-4b79-b480-9920067b18d0,0
fc6801fe-2ea6-441c-b1e8-70102a32bd82,1
9f9d75fd-f67f-431b-a665-8869875af294,0
8e4cafe0-2d37-4ac6-84e7-1149bf123eac,0
fb2c44cc-1296-4366-8976-8441a78da044,0
9fe16a25-0705-4cf0-85e4-15a7a796cd07,0
bb5be2a0-4a6a-4348-b3fa-8e7043fdbdd0,1
0537cb7c-396f-4a82-b235-2da16ae3c3dc,0
ef58a022-1704-4952-b6de-a9dfed30a7df,1
62d12a2c-549d-4359-9de0-0e7f3735baaf,0
b2cca50e-d60b-4454-bdfa-8237994b716b,0
2c13b7c1-6a16-4221-919b-2f3e68da915d,0
3f22d5fa-86b8-4f15-af07-873fe8e71539,0
233cf4be-50a7-4a4f-bf2e-f08c834a0e67,0
c4dff62a-6abc-488a-a50f-b59aef03700f,1
a753de17-c91a-488c-9bda-4b0892515d34,0
3cb6c45d-731b-468c-96a2-7d39bada97f5,0
560cb68b-9c3c-4d6c-bbc1-cef56d59c477,0
e5a3008f-1f38-4879-9980-3fd7007b0e49,0
e395aeac-2095-48bb-ac76-ca077a8a98b2,0
c5f231db-7f6d-41c0-b060-c272f9036430,1
bb476a05-0d20-48c8-b393-05f2d0154bcc,1
a7580ab7-27a5-40f7-9c3e-70740e6e9587,0
e870b5ff-5790-4d71-bc16-75e9e3b43986,0
e19d2045-aa3e-4c5f-976a-e323aef7b256,1
036c5be3-1be6-4078-b68f-a5e958c5c8c8,0
824749f3-d6ea-455a-8fa7-30b06a7a9e9e,0
20998ea9-75ca-40af-a856-8f48086e1ae8,0
2559555d-ac77-4243-9eb8-4da2e90baa6e,0
d441e304-d364-42c4-8128-cb8c97062630,0
d531694d-337a-4b3c-944a-d9c5d6a7cc3a,0
da915a93-2c0b-45b5-a148-5c2b6e5a00a2,1
e655c62e-e7e8-446b-8954-2597d3751f99,0
07cb18ef-1cc4-4196-bd14-5ce9abf0eae7,0
b8ce0a42-0f0f-4719-9bb6-66e6cdcb6be1,0
9b1e94d8-103b-4fdd-a011-abb33447c98c,0
f2730bfd-2ab3-41e0-84c5-8cc8c90a185c,0
5d6e5f29-bdca-4926-a81e-676219672646,1
3c38e330-ea2f-4c50-8bd9-da56231b32d7,1
b591fd06-c3fc-4ccd-a48e-06ac0d4243d9,0
02a6f830-d7fa-4bae-9e7a-487f1ae9f53c,0
8ea873e8-7485-4378-97ec-7e0227aec0c2,0
bfe3a725-9866-40ee-9139-9254757a9eb2,0
91e4f9b2-8140-4d90-833f-470ea7d97133,0
951ddaab-6d29-4c1a-83d2-a66cd80cef4a,1
7be8529c-1f18-4fca-a1e3-69e3853ccdba,1
f9c23cb5-d36a-46e3-92f5-e7c67c1bf87c,0
4d01a754-67b3-4a46-bc60-894123e02c58,1
0c85a10a-311c-47e5-8fe4-fe8921726622,0
3c6da960-898d-4e16-9386-1dad586b83ef,1
fe19336f-c08e-4064-90b3-ac213e1b7261,0
c3fea55e-ee85-46aa-a359-391dbe5c865b,0
c25b8e1b-aaa2-45df-b7c6-5f1c09b7c5f9,0
9cab9c7f-d827-469d-bc88-67840adb15e4,1
a6146262-78e3-44dc-b8e1-60d9399cdf54,0
c0864670-b028-44fe-ba98-c8423ce9f402,0
a1cf84b7-bef4-48e2-aca6-a89c7f724fdb,0
ef3116e4-8f40-4666-b3bf-463ba8ce2603,0
0d128e2d-ed2c-42c5-bdd4-d63e90c19fe4,1
0d449cdf-afd4-47d3-a9c9-e50b20ac79c6,0
3c4c38ef-4d71-44c0-8e27-81b14cc40354,0
7d43f2c4-42b8-43a4-abdc-6eeeabdc37ab,0
2bef430b-5c1f-4b98-b5a4-63b7a140aa9a,0
590da205-1a52-4578-a2a4-5b26bb2e5e9d,1
ed3ffa7a-d328-4f6e-8274-1a2dbbe485b7,1
02049c0d-80a2-476f-8b1c-0ddc8ec7ef33,0
46b38bf8-5453-4448-8da5-ab42976c9f6a,0
e8ace7e1-12bf-405c-819b-9b6887e9cd60,0
c3adad72-4bf3-4f88-b237-d1372d2f8daa,1
68430676-4a61-4ff2-bd1d-dc7f00ea0a22,0
4fa0f638-e1cd-407c-ae5a-4fc371d977f3,0
12cd8619-7f33-4eef-870b-ce4c6b6338a1,0
d67f3c35-f2ff-408d-b177-2beca847d8b0,1
2afab6d7-35f7-46ae-a352-88737a20374d,1
84dc21a2-a769-469d-85a6-d32707718e95,0
886181ef-4f83-4d72-aeda-4c9117bf6038,0
36726fa0-f6ef-4281-b0b2-d19da64af500,0
9133efb1-5e7b-4b6b-80b1-fe401a464a30,0
b86a228b-3784-4cbd-bf7c-93d942d52752,0
c159a95b-ea7c-40f6-9ab4-57e136600266,0
158ee760-22e6-48e3-89a5-081ce8878487,1
791f0b04-9a9f-4b19-98a4-1d3e34fcc55f,1
c38e767e-11d2-4333-acca-33d516988b35,1
c5940084-b669-42d5-85aa-d033fd624e00,0
83d1254d-3210-4650-af6b-8e2786571afe,1
86df299c-19bc-4c8d-9253-d14d06c2c57f,0
aef5bf59-180b-4d13-ac6e-3b7de8c832a7,1
04e2995d-9b4f-4532-b71c-468eb0f2abe9,0
fc80ebb9-e750-44f0-9a4d-22533762016f,0
9109dac3-406c-466c-b41b-661ed6901434,0
a60e6406-4ccb-44c3-b8f4-acb399481dc9,0
d42ece6e-7125-4451-aa6b-68b0640e564f,0
4d0dc1a8-558a-4c5b-9f6c-bad22f79c5e8,0
9720742a-51a9-4f71-b56c-3bcad4fce7b1,0
79c3c937-4569-4d41-8109-d2263eb1d933,1
073465ee-2a16-43d6-84a0-1f59f743cf97,0
23f24fd9-d443-4cf9-ba36-395dcf19c46c,0
d8f08727-5a0a-4154-b905-f8eee14bcacc,0
20464594-93e5-410e-9cb4-fce37b328fc7,1
7f4344fa-b93c-4b7c-8f5e-1b7e4b0817f9,1
f7898ab5-bfd3-4a39-b57d-c08fb1c44ec9,0
7f4bdfca-983f-4772-90bb-381aa193a3bf,1
95185705-b95d-45fb-aa6d-8cf47d7f0103,0
5cfabf7f-d9bf-4e75-8d2f-1f4b8cb811dc,0
f167f2ba-a697-4ae3-a5a3-52bad41af048,0
07e0f234-db24-465c-8704-efd9c3c3cf35,0
6440d1ad-f97b-4da8-a630-ab06d53f2d15,0
6d95fe45-fcb5-498e-9bf8-31079c4e2d11,0
541ab82b-6bf4-4dac-a93f-5f3c96963d54,0
26435c22-abe4-4ac1-a9e5-a51f1d9a1d07,1
d41291e0-8975-452f-818f-821073e2d5f0,1
57a73753-78a4-469c-8203-8801fcfea38d,1
f927249a-df7a-4a42-9b7c-9188745ef255,1
4046262b-3b2d-4509-b876-9a8762572b1a,0
a96fa405-975c-4edc-8de6-0b9799c2b50f,0
23cfcd23-f924-4085-bd2d-167648614627,0
ebf526d2-f90c-40e2-a671-dc710cbd83ea,1
76aa5b2f-e7dc-4cec-bce4-1903d8135f9b,1
b247f126-12d4-4718-a8f8-b789d83cdc97,0
ab599b16-867b-43df-9d7f-2d22f8d6b40d,0
c4a82d05-d12b-4c2e-9d26-734ecdb60d3c,1
e6aff917-e471-4cae-a6e1-dc9fbc1e95e8,0
45a483d3-26a2-4d65-9c3d-cb84bb72e2ef,1
55a2125d-c4ad-4487-8aec-b0da67abc894,0
c76fb089-8245-4b57-81a9-0e8284669873,0
87ee9066-1730-44e4-bbe0-45d801d71f7d,0
2400ee4e-067b-4667-b1e6-513a9c7042bb,0
0ecbdaa2-09c8-443c-8997-34de7dd8a4a9,0
60e9821c-f0f0-4f04-83dd-a27ff5cbb296,0
5208e2a6-679c-47ac-a97c-b86779ccc4bc,0
efb9f158-704b-4ceb-96db-19314b5355fb,0
c147cf92-0310-4087-8aae-8fc0304c48e0,0
762cfeed-bbbc-4c15-b469-b65930a7c6ff,0
c04598d5-3a45-44e6-89ef-2a70940a4f0b,1
4de3776a-587d-47a1-adc5-f5374a72589d,1
b95294bc-5495-43d1-8269-44f18995c650,0
9d55d85b-9212-47a4-a7d2-b8202ec1e9fe,0
4e82ebeb-e197-405b-ae14-ab4d2ff9f4ec,0
cbdc475f-0b00-49c1-85ca-c3f1f25aa3cb,1
14958168-2da6-47a6-a3c8-f0431f079ae4,0
eb5da2cd-50fc-4125-a049-bd7bbe218a7a,0
7ce7fdd0-8d1b-47a7-a044-f67d96ae7785,0
3868e216-b51c-4ae7-b82a-1975979cf922,0
7dadf1d5-9ea3-4d4c-a474-8bb96b942d01,0
1502001a-ac26-4fe0-b660-1ece9f5c5cfa,1
8cfbec36-406f-4dae-be63-855edf87eddb,0
e1590644-e7ea-4d8f-b972-353bf71f1217,0
ac01d226-1659-44e9-affd-0f9e8e01f791,0
fbebcaa2-1ce4-45f7-80b6-a4e7a735f528,0
2eb0eee4-e531-404e-9771-27f6d68a4094,0
9e4781ab-4153-4abb-934e-c3c706eef0be,0
3837d9a7-a0f2-456c-9789-03a5c37bced1,0
663f355e-19ca-4f1c-8ccb-5f848e509c13,1
36c67336-fa95-4c2e-bf6f-bfc70bef2d9d,0
f00b147c-1b34-441d-9174-1c4331012599,0
48f14ee7-12c0-4ec3-8e88-0c4cbad995e6,1
0007be2a-c37d-4f52-b432-74c2a6007296,0
42370877-4312-4ba4-96ed-12ac3bfddd1a,0
b0f7f274-3d4d-4b4d-a7f7-00febe2ce37e,0
6458d4c6-9786-4903-b711-f12ddf7ea43a,0
0254dbe6-15c1-4ad4-8884-f6f8d0318f62,1
202b56a7-a271-4e2f-b4f4-ac1b279f5664,0
10dd2745-41bb-48d2-b8c8-33c9979fb338,1
009d553e-759f-4464-8af5-28b4148674af,0
5f42a903-5f2e-481e-83ba-6c442378d06f,0
44535e58-6337-41f9-a3af-cb228eeb9b13,1
98992d63-8cfe-41a5-9378-c299ac9c0d30,0
04273c66-c4e8-4c9c-9534-fcfd99266874,0
3da96fa4-1e31-4195-9fcc-54f1ba7fab4a,1
82ee7891-cf20-4579-9fb0-6a76d7b97951,0
ee25f8f4-10a5-4215-8c62-e4d6e69bc9ff,0
d8751536-7405-404a-8465-366d54d48dff,0
1562936a-836e-4361-a505-90996340f626,0
f7688ee9-b287-49d3-b4ae-a75b21c57cae,0
5b416ee4-ace1-4aa7-b380-a54a3e80d45f,0
04f9bed0-5b16-4c15-8053-826f362a2100,0
47ae2dde-d984-46de-b176-1f3c89dabd72,0
71293a72-7f2b-47fd-9584-699a8ff19594,0
55d1687d-4d01-49b8-b81d-e3a239b75b8c,0
8347b28a-1c0d-4861-9b0c-ac7445e03702,0
d4729afc-0296-4a15-a809-fd0be7a9db5f,1
376fc980-5f39-4d7e-9792-4b12036609f7,0
ae4d341f-c5b0-42c6-ad05-f94ba3051f49,0
6cbfacb3-5429-4e2c-a567-2724e70e4042,0
ece52941-ee54-4096-8777-b3b85ebc81d5,0
def24154-e6e2-4cf8-82cd-fef2c8d956a1,1
62aafaaf-968d-4e4e-9ba8-0c40a58c19bb,1
4a306a52-cef0-4f8b-9254-0f521cc26c60,0
20462761-896b-4d1f-9814-56e74636c200,0
566bb3e4-1129-4abe-8035-6ebfddb34ebb,0
d1efe46b-1e05-4f85-bf07-dad9e2ce29e1,0
81254254-be6d-45ba-a061-0d550f641bcc,0
bd454079-2192-43b0-9d08-3feaa4700c4d,0
ce919de5-6ac5-4310-8e89-bebc2924521f,0
2f521bc2-ef71-4d6b-97ca-8eb879869147,0
a7d6d550-e0ae-480c-a830-02312ba61040,0
076d709d-728f-4e70-9ae2-8866136e729d,0
